Family,Run,TN,FN,TP,FP
alureon,0,48,0,50,2
alureon,1,46,0,50,4
alureon,2,49,0,50,1
alureon,3,45,0,50,5
alureon,4,47,0,50,3
alureon,5,48,0,50,2
alureon,6,49,0,50,1
alureon,7,48,0,50,2
alureon,8,49,0,50,1
alureon,9,48,0,50,2
alureon,10,47,0,50,3
alureon,11,48,0,50,2
alureon,12,49,0,50,1
alureon,13,48,0,50,2
alureon,14,48,0,50,2
alureon,15,46,0,50,4
alureon,16,48,0,50,2
alureon,17,48,0,50,2
alureon,18,49,2,48,1
alureon,19,47,0,50,3
alureon,20,49,0,50,1
alureon,21,48,0,50,2
alureon,22,47,0,50,3
alureon,23,47,0,50,3
alureon,24,47,0,50,3
alureon,25,50,0,50,0
alureon,26,46,0,50,4
alureon,27,49,1,49,1
alureon,28,49,0,50,1
alureon,29,46,0,50,4
bamital,0,49,2,48,1
bamital,1,47,4,46,3
bamital,2,48,0,50,2
bamital,3,47,3,47,3
bamital,4,47,4,46,3
bamital,5,48,3,47,2
bamital,6,48,2,48,2
bamital,7,48,3,47,2
bamital,8,49,3,47,1
bamital,9,48,8,42,2
bamital,10,47,1,49,3
bamital,11,49,3,47,1
bamital,12,48,0,50,2
bamital,13,48,2,48,2
bamital,14,48,3,47,2
bamital,15,46,1,49,4
bamital,16,48,2,48,2
bamital,17,48,3,47,2
bamital,18,49,2,48,1
bamital,19,48,2,48,2
bamital,20,49,3,47,1
bamital,21,48,3,47,2
bamital,22,47,2,48,3
bamital,23,47,1,49,3
bamital,24,47,0,50,3
bamital,25,49,2,48,1
bamital,26,46,2,48,4
bamital,27,49,0,50,1
bamital,28,49,2,48,1
bamital,29,46,3,47,4
banjori,0,49,0,50,1
banjori,1,48,0,50,2
banjori,2,49,0,50,1
banjori,3,47,1,49,3
banjori,4,47,0,50,3
banjori,5,48,0,50,2
banjori,6,48,0,50,2
banjori,7,48,1,49,2
banjori,8,49,0,50,1
banjori,9,48,1,49,2
banjori,10,47,0,50,3
banjori,11,49,0,50,1
banjori,12,49,1,49,1
banjori,13,48,0,50,2
banjori,14,49,0,50,1
banjori,15,46,1,49,4
banjori,16,48,1,49,2
banjori,17,47,0,50,3
banjori,18,49,0,50,1
banjori,19,48,0,50,2
banjori,20,49,0,50,1
banjori,21,49,1,49,1
banjori,22,47,2,48,3
banjori,23,47,0,50,3
banjori,24,47,0,50,3
banjori,25,50,0,50,0
banjori,26,46,0,50,4
banjori,27,50,0,50,0
banjori,28,49,1,49,1
banjori,29,45,0,50,5
bedep,0,48,0,50,2
bedep,1,48,0,50,2
bedep,2,49,0,50,1
bedep,3,46,0,50,4
bedep,4,47,0,50,3
bedep,5,48,0,50,2
bedep,6,48,0,50,2
bedep,7,49,0,50,1
bedep,8,49,0,50,1
bedep,9,48,0,50,2
bedep,10,47,0,50,3
bedep,11,49,0,50,1
bedep,12,48,0,50,2
bedep,13,48,0,50,2
bedep,14,49,0,50,1
bedep,15,46,0,50,4
bedep,16,48,0,50,2
bedep,17,47,0,50,3
bedep,18,49,0,50,1
bedep,19,47,0,50,3
bedep,20,49,0,50,1
bedep,21,48,0,50,2
bedep,22,47,0,50,3
bedep,23,47,0,50,3
bedep,24,47,0,50,3
bedep,25,49,0,50,1
bedep,26,47,0,50,3
bedep,27,50,0,50,0
bedep,28,49,0,50,1
bedep,29,46,0,50,4
charbot,0,49,9,41,1
charbot,1,46,5,45,4
charbot,2,49,4,46,1
charbot,3,47,11,39,3
charbot,4,47,10,40,3
charbot,5,48,7,43,2
charbot,6,47,13,37,3
charbot,7,48,8,42,2
charbot,8,49,9,41,1
charbot,9,48,3,47,2
charbot,10,47,7,43,3
charbot,11,50,13,37,0
charbot,12,49,5,45,1
charbot,13,48,9,41,2
charbot,14,47,5,45,3
charbot,15,46,6,44,4
charbot,16,47,7,43,3
charbot,17,47,7,43,3
charbot,18,49,12,38,1
charbot,19,47,7,43,3
charbot,20,49,12,38,1
charbot,21,49,6,44,1
charbot,22,47,8,42,3
charbot,23,47,11,39,3
charbot,24,47,10,40,3
charbot,25,50,10,40,0
charbot,26,47,6,44,3
charbot,27,50,6,44,0
charbot,28,49,9,41,1
charbot,29,46,11,39,4
chinad,0,48,0,50,2
chinad,1,47,0,50,3
chinad,2,48,0,50,2
chinad,3,47,0,50,3
chinad,4,47,0,50,3
chinad,5,48,0,50,2
chinad,6,48,0,50,2
chinad,7,48,0,50,2
chinad,8,49,0,50,1
chinad,9,48,0,50,2
chinad,10,47,0,50,3
chinad,11,49,0,50,1
chinad,12,49,0,50,1
chinad,13,48,0,50,2
chinad,14,47,0,50,3
chinad,15,46,0,50,4
chinad,16,48,0,50,2
chinad,17,47,0,50,3
chinad,18,49,0,50,1
chinad,19,48,0,50,2
chinad,20,49,0,50,1
chinad,21,49,0,50,1
chinad,22,47,0,50,3
chinad,23,47,0,50,3
chinad,24,47,0,50,3
chinad,25,49,0,50,1
chinad,26,47,0,50,3
chinad,27,50,0,50,0
chinad,28,49,0,50,1
chinad,29,46,0,50,4
conficker,0,50,7,43,0
conficker,1,46,5,45,4
conficker,2,49,3,47,1
conficker,3,46,8,42,4
conficker,4,47,5,45,3
conficker,5,48,5,45,2
conficker,6,47,12,38,3
conficker,7,48,6,44,2
conficker,8,49,5,45,1
conficker,9,48,7,43,2
conficker,10,47,3,47,3
conficker,11,48,3,47,2
conficker,12,48,6,44,2
conficker,13,48,7,43,2
conficker,14,48,6,44,2
conficker,15,47,11,39,3
conficker,16,48,6,44,2
conficker,17,48,5,45,2
conficker,18,49,8,42,1
conficker,19,48,7,43,2
conficker,20,49,9,41,1
conficker,21,48,5,45,2
conficker,22,47,9,41,3
conficker,23,47,1,49,3
conficker,24,47,7,43,3
conficker,25,49,9,41,1
conficker,26,47,9,41,3
conficker,27,49,3,47,1
conficker,28,49,11,39,1
conficker,29,46,6,44,4
corebot,0,49,0,50,1
corebot,1,47,0,50,3
corebot,2,48,0,50,2
corebot,3,48,0,50,2
corebot,4,47,0,50,3
corebot,5,48,0,50,2
corebot,6,48,0,50,2
corebot,7,49,0,50,1
corebot,8,49,0,50,1
corebot,9,48,0,50,2
corebot,10,47,0,50,3
corebot,11,49,0,50,1
corebot,12,48,0,50,2
corebot,13,48,0,50,2
corebot,14,47,0,50,3
corebot,15,46,0,50,4
corebot,16,48,0,50,2
corebot,17,47,0,50,3
corebot,18,49,0,50,1
corebot,19,48,0,50,2
corebot,20,49,0,50,1
corebot,21,48,0,50,2
corebot,22,47,0,50,3
corebot,23,47,0,50,3
corebot,24,47,0,50,3
corebot,25,49,0,50,1
corebot,26,47,0,50,3
corebot,27,50,0,50,0
corebot,28,49,0,50,1
corebot,29,46,0,50,4
cryptolocker,0,50,0,50,0
cryptolocker,1,46,0,50,4
cryptolocker,2,48,0,50,2
cryptolocker,3,46,0,50,4
cryptolocker,4,47,0,50,3
cryptolocker,5,48,0,50,2
cryptolocker,6,48,0,50,2
cryptolocker,7,49,0,50,1
cryptolocker,8,49,0,50,1
cryptolocker,9,48,0,50,2
cryptolocker,10,47,0,50,3
cryptolocker,11,49,0,50,1
cryptolocker,12,48,0,50,2
cryptolocker,13,48,0,50,2
cryptolocker,14,48,0,50,2
cryptolocker,15,46,0,50,4
cryptolocker,16,48,0,50,2
cryptolocker,17,47,0,50,3
cryptolocker,18,49,0,50,1
cryptolocker,19,47,0,50,3
cryptolocker,20,49,0,50,1
cryptolocker,21,48,0,50,2
cryptolocker,22,47,0,50,3
cryptolocker,23,47,0,50,3
cryptolocker,24,47,0,50,3
cryptolocker,25,49,0,50,1
cryptolocker,26,47,0,50,3
cryptolocker,27,49,0,50,1
cryptolocker,28,49,0,50,1
cryptolocker,29,46,0,50,4
deception,0,49,11,39,1
deception,1,47,4,46,3
deception,2,48,10,40,2
deception,3,46,4,46,4
deception,4,47,7,43,3
deception,5,48,11,39,2
deception,6,49,9,41,1
deception,7,48,3,47,2
deception,8,49,6,44,1
deception,9,48,5,45,2
deception,10,47,5,45,3
deception,11,50,3,47,0
deception,12,49,2,48,1
deception,13,48,7,43,2
deception,14,48,9,41,2
deception,15,46,12,38,4
deception,16,48,5,45,2
deception,17,47,4,46,3
deception,18,49,10,40,1
deception,19,47,10,40,3
deception,20,49,5,45,1
deception,21,49,5,45,1
deception,22,47,10,40,3
deception,23,47,8,42,3
deception,24,47,7,43,3
deception,25,49,5,45,1
deception,26,46,5,45,4
deception,27,50,6,44,0
deception,28,49,9,41,1
deception,29,46,6,44,4
dircrypt,0,49,0,50,1
dircrypt,1,47,1,49,3
dircrypt,2,49,1,49,1
dircrypt,3,46,0,50,4
dircrypt,4,47,0,50,3
dircrypt,5,48,0,50,2
dircrypt,6,48,1,49,2
dircrypt,7,48,0,50,2
dircrypt,8,49,0,50,1
dircrypt,9,48,0,50,2
dircrypt,10,47,0,50,3
dircrypt,11,49,0,50,1
dircrypt,12,49,0,50,1
dircrypt,13,49,0,50,1
dircrypt,14,48,0,50,2
dircrypt,15,46,0,50,4
dircrypt,16,48,0,50,2
dircrypt,17,47,0,50,3
dircrypt,18,49,0,50,1
dircrypt,19,47,0,50,3
dircrypt,20,49,1,49,1
dircrypt,21,48,0,50,2
dircrypt,22,47,0,50,3
dircrypt,23,47,0,50,3
dircrypt,24,47,0,50,3
dircrypt,25,49,0,50,1
dircrypt,26,47,1,49,3
dircrypt,27,50,0,50,0
dircrypt,28,49,0,50,1
dircrypt,29,46,0,50,4
dnschanger,0,49,0,50,1
dnschanger,1,47,0,50,3
dnschanger,2,49,0,50,1
dnschanger,3,47,0,50,3
dnschanger,4,47,0,50,3
dnschanger,5,48,0,50,2
dnschanger,6,49,0,50,1
dnschanger,7,49,0,50,1
dnschanger,8,49,1,49,1
dnschanger,9,48,1,49,2
dnschanger,10,47,0,50,3
dnschanger,11,48,1,49,2
dnschanger,12,48,0,50,2
dnschanger,13,48,0,50,2
dnschanger,14,49,0,50,1
dnschanger,15,46,0,50,4
dnschanger,16,47,0,50,3
dnschanger,17,47,1,49,3
dnschanger,18,49,0,50,1
dnschanger,19,47,0,50,3
dnschanger,20,49,1,49,1
dnschanger,21,48,0,50,2
dnschanger,22,47,1,49,3
dnschanger,23,47,0,50,3
dnschanger,24,47,0,50,3
dnschanger,25,49,0,50,1
dnschanger,26,47,0,50,3
dnschanger,27,50,0,50,0
dnschanger,28,49,0,50,1
dnschanger,29,46,0,50,4
dyre,0,50,0,50,0
dyre,1,48,0,50,2
dyre,2,48,0,50,2
dyre,3,45,0,50,5
dyre,4,47,0,50,3
dyre,5,48,0,50,2
dyre,6,48,0,50,2
dyre,7,48,0,50,2
dyre,8,49,0,50,1
dyre,9,48,0,50,2
dyre,10,46,0,50,4
dyre,11,50,0,50,0
dyre,12,49,0,50,1
dyre,13,48,0,50,2
dyre,14,47,0,50,3
dyre,15,46,0,50,4
dyre,16,48,0,50,2
dyre,17,47,1,49,3
dyre,18,49,0,50,1
dyre,19,47,0,50,3
dyre,20,49,0,50,1
dyre,21,49,0,50,1
dyre,22,47,0,50,3
dyre,23,47,0,50,3
dyre,24,47,0,50,3
dyre,25,50,0,50,0
dyre,26,46,0,50,4
dyre,27,50,0,50,0
dyre,28,49,0,50,1
dyre,29,46,0,50,4
emotet,0,48,0,50,2
emotet,1,47,0,50,3
emotet,2,48,0,50,2
emotet,3,48,0,50,2
emotet,4,47,0,50,3
emotet,5,48,0,50,2
emotet,6,49,0,50,1
emotet,7,48,0,50,2
emotet,8,49,0,50,1
emotet,9,48,0,50,2
emotet,10,47,0,50,3
emotet,11,49,0,50,1
emotet,12,48,0,50,2
emotet,13,48,0,50,2
emotet,14,47,0,50,3
emotet,15,47,0,50,3
emotet,16,48,0,50,2
emotet,17,47,0,50,3
emotet,18,49,0,50,1
emotet,19,47,0,50,3
emotet,20,49,0,50,1
emotet,21,49,0,50,1
emotet,22,47,0,50,3
emotet,23,47,0,50,3
emotet,24,47,0,50,3
emotet,25,49,0,50,1
emotet,26,47,0,50,3
emotet,27,50,0,50,0
emotet,28,48,0,50,2
emotet,29,45,0,50,5
fobber,0,50,0,50,0
fobber,1,48,0,50,2
fobber,2,49,0,50,1
fobber,3,46,0,50,4
fobber,4,47,0,50,3
fobber,5,48,0,50,2
fobber,6,49,0,50,1
fobber,7,48,0,50,2
fobber,8,49,0,50,1
fobber,9,48,0,50,2
fobber,10,47,0,50,3
fobber,11,50,0,50,0
fobber,12,49,0,50,1
fobber,13,48,0,50,2
fobber,14,47,0,50,3
fobber,15,46,0,50,4
fobber,16,47,0,50,3
fobber,17,47,0,50,3
fobber,18,49,0,50,1
fobber,19,47,0,50,3
fobber,20,49,0,50,1
fobber,21,48,0,50,2
fobber,22,47,0,50,3
fobber,23,47,0,50,3
fobber,24,47,0,50,3
fobber,25,49,0,50,1
fobber,26,47,0,50,3
fobber,27,50,0,50,0
fobber,28,49,0,50,1
fobber,29,46,0,50,4
gameover,0,48,0,50,2
gameover,1,47,0,50,3
gameover,2,48,0,50,2
gameover,3,47,0,50,3
gameover,4,47,0,50,3
gameover,5,48,0,50,2
gameover,6,48,0,50,2
gameover,7,48,0,50,2
gameover,8,49,0,50,1
gameover,9,48,0,50,2
gameover,10,47,0,50,3
gameover,11,49,0,50,1
gameover,12,48,0,50,2
gameover,13,48,0,50,2
gameover,14,48,0,50,2
gameover,15,47,0,50,3
gameover,16,48,0,50,2
gameover,17,47,0,50,3
gameover,18,49,0,50,1
gameover,19,48,0,50,2
gameover,20,49,0,50,1
gameover,21,49,0,50,1
gameover,22,47,0,50,3
gameover,23,47,0,50,3
gameover,24,47,0,50,3
gameover,25,49,0,50,1
gameover,26,47,0,50,3
gameover,27,50,0,50,0
gameover,28,49,0,50,1
gameover,29,46,0,50,4
gozi,0,50,7,43,0
gozi,1,48,2,48,2
gozi,2,49,3,47,1
gozi,3,47,3,47,3
gozi,4,47,3,47,3
gozi,5,48,0,50,2
gozi,6,48,3,47,2
gozi,7,48,1,49,2
gozi,8,49,0,50,1
gozi,9,48,7,43,2
gozi,10,46,3,47,4
gozi,11,49,0,50,1
gozi,12,48,1,49,2
gozi,13,48,2,48,2
gozi,14,48,3,47,2
gozi,15,46,2,48,4
gozi,16,48,2,48,2
gozi,17,47,3,47,3
gozi,18,49,3,47,1
gozi,19,47,2,48,3
gozi,20,49,2,48,1
gozi,21,49,3,47,1
gozi,22,47,0,50,3
gozi,23,47,2,48,3
gozi,24,47,1,49,3
gozi,25,49,1,49,1
gozi,26,47,2,48,3
gozi,27,50,2,48,0
gozi,28,49,5,45,1
gozi,29,46,2,48,4
kraken,0,49,0,50,1
kraken,1,47,0,50,3
kraken,2,49,1,49,1
kraken,3,47,0,50,3
kraken,4,47,0,50,3
kraken,5,48,0,50,2
kraken,6,48,0,50,2
kraken,7,47,0,50,3
kraken,8,49,0,50,1
kraken,9,48,0,50,2
kraken,10,47,0,50,3
kraken,11,50,0,50,0
kraken,12,48,0,50,2
kraken,13,48,0,50,2
kraken,14,48,0,50,2
kraken,15,46,0,50,4
kraken,16,48,0,50,2
kraken,17,47,0,50,3
kraken,18,49,1,49,1
kraken,19,47,0,50,3
kraken,20,49,0,50,1
kraken,21,49,1,49,1
kraken,22,47,1,49,3
kraken,23,47,0,50,3
kraken,24,47,1,49,3
kraken,25,49,0,50,1
kraken,26,47,0,50,3
kraken,27,49,0,50,1
kraken,28,49,0,50,1
kraken,29,46,0,50,4
locky,0,49,0,50,1
locky,1,47,0,50,3
locky,2,49,0,50,1
locky,3,47,0,50,3
locky,4,47,0,50,3
locky,5,48,0,50,2
locky,6,47,0,50,3
locky,7,48,2,48,2
locky,8,49,0,50,1
locky,9,48,0,50,2
locky,10,47,1,49,3
locky,11,48,1,49,2
locky,12,49,1,49,1
locky,13,48,0,50,2
locky,14,47,0,50,3
locky,15,46,0,50,4
locky,16,47,1,49,3
locky,17,47,0,50,3
locky,18,49,1,49,1
locky,19,48,0,50,2
locky,20,49,0,50,1
locky,21,48,0,50,2
locky,22,47,0,50,3
locky,23,47,0,50,3
locky,24,47,1,49,3
locky,25,49,0,50,1
locky,26,47,1,49,3
locky,27,50,1,49,0
locky,28,49,0,50,1
locky,29,46,1,49,4
manuelita,0,50,34,16,0
manuelita,1,47,37,13,3
manuelita,2,49,43,7,1
manuelita,3,46,34,16,4
manuelita,4,47,29,21,3
manuelita,5,48,28,22,2
manuelita,6,48,34,16,2
manuelita,7,48,37,13,2
manuelita,8,49,27,23,1
manuelita,9,48,35,15,2
manuelita,10,46,33,17,4
manuelita,11,48,30,20,2
manuelita,12,49,33,17,1
manuelita,13,48,31,19,2
manuelita,14,47,33,17,3
manuelita,15,46,31,19,4
manuelita,16,48,33,17,2
manuelita,17,47,30,20,3
manuelita,18,49,32,18,1
manuelita,19,48,34,16,2
manuelita,20,49,33,17,1
manuelita,21,48,29,21,2
manuelita,22,47,32,18,3
manuelita,23,47,36,14,3
manuelita,24,47,36,14,3
manuelita,25,50,25,25,0
manuelita,26,47,38,12,3
manuelita,27,49,29,21,1
manuelita,28,49,36,14,1
manuelita,29,46,34,16,4
matsnu,0,49,13,37,1
matsnu,1,48,17,33,2
matsnu,2,49,13,37,1
matsnu,3,47,10,40,3
matsnu,4,47,14,36,3
matsnu,5,48,11,39,2
matsnu,6,48,18,32,2
matsnu,7,47,11,39,3
matsnu,8,49,13,37,1
matsnu,9,48,13,37,2
matsnu,10,47,16,34,3
matsnu,11,50,17,33,0
matsnu,12,49,7,43,1
matsnu,13,48,15,35,2
matsnu,14,48,14,36,2
matsnu,15,46,15,35,4
matsnu,16,48,12,38,2
matsnu,17,47,9,41,3
matsnu,18,49,12,38,1
matsnu,19,47,15,35,3
matsnu,20,49,15,35,1
matsnu,21,49,19,31,1
matsnu,22,47,10,40,3
matsnu,23,47,9,41,3
matsnu,24,47,17,33,3
matsnu,25,49,15,35,1
matsnu,26,47,12,38,3
matsnu,27,50,9,41,0
matsnu,28,47,9,41,3
matsnu,29,46,9,41,4
monerominer,0,49,14,36,1
monerominer,1,48,24,26,2
monerominer,2,48,21,29,2
monerominer,3,47,23,27,3
monerominer,4,47,17,33,3
monerominer,5,48,19,31,2
monerominer,6,49,19,31,1
monerominer,7,49,29,21,1
monerominer,8,49,23,27,1
monerominer,9,48,26,24,2
monerominer,10,47,17,33,3
monerominer,11,50,13,37,0
monerominer,12,49,25,25,1
monerominer,13,48,20,30,2
monerominer,14,48,23,27,2
monerominer,15,47,20,30,3
monerominer,16,48,17,33,2
monerominer,17,47,26,24,3
monerominer,18,49,30,20,1
monerominer,19,47,16,34,3
monerominer,20,49,19,31,1
monerominer,21,48,22,28,2
monerominer,22,47,28,22,3
monerominer,23,47,16,34,3
monerominer,24,47,23,27,3
monerominer,25,50,25,25,0
monerominer,26,46,24,26,4
monerominer,27,50,22,28,0
monerominer,28,49,18,32,1
monerominer,29,46,16,34,4
murofet,0,49,0,50,1
murofet,1,47,0,50,3
murofet,2,49,0,50,1
murofet,3,46,0,50,4
murofet,4,47,0,50,3
murofet,5,48,0,50,2
murofet,6,48,0,50,2
murofet,7,48,0,50,2
murofet,8,49,0,50,1
murofet,9,48,0,50,2
murofet,10,46,0,50,4
murofet,11,50,0,50,0
murofet,12,49,0,50,1
murofet,13,48,0,50,2
murofet,14,47,0,50,3
murofet,15,46,0,50,4
murofet,16,48,0,50,2
murofet,17,48,0,50,2
murofet,18,49,0,50,1
murofet,19,47,0,50,3
murofet,20,49,0,50,1
murofet,21,49,0,50,1
murofet,22,47,0,50,3
murofet,23,47,0,50,3
murofet,24,47,0,50,3
murofet,25,49,0,50,1
murofet,26,47,0,50,3
murofet,27,50,0,50,0
murofet,28,48,0,50,2
murofet,29,46,0,50,4
murofetweekly,0,48,0,50,2
murofetweekly,1,47,0,50,3
murofetweekly,2,48,0,50,2
murofetweekly,3,47,0,50,3
murofetweekly,4,47,0,50,3
murofetweekly,5,48,0,50,2
murofetweekly,6,49,0,50,1
murofetweekly,7,48,0,50,2
murofetweekly,8,49,0,50,1
murofetweekly,9,48,0,50,2
murofetweekly,10,47,0,50,3
murofetweekly,11,50,0,50,0
murofetweekly,12,49,0,50,1
murofetweekly,13,48,0,50,2
murofetweekly,14,47,0,50,3
murofetweekly,15,46,0,50,4
murofetweekly,16,48,0,50,2
murofetweekly,17,47,0,50,3
murofetweekly,18,49,0,50,1
murofetweekly,19,47,0,50,3
murofetweekly,20,49,0,50,1
murofetweekly,21,49,0,50,1
murofetweekly,22,47,0,50,3
murofetweekly,23,47,0,50,3
murofetweekly,24,47,0,50,3
murofetweekly,25,49,0,50,1
murofetweekly,26,46,0,50,4
murofetweekly,27,49,0,50,1
murofetweekly,28,48,0,50,2
murofetweekly,29,46,0,50,4
mydoom,0,49,0,50,1
mydoom,1,47,0,50,3
mydoom,2,48,0,50,2
mydoom,3,47,0,50,3
mydoom,4,47,0,50,3
mydoom,5,48,0,50,2
mydoom,6,47,0,50,3
mydoom,7,48,0,50,2
mydoom,8,49,0,50,1
mydoom,9,48,1,49,2
mydoom,10,47,0,50,3
mydoom,11,48,0,50,2
mydoom,12,49,1,49,1
mydoom,13,48,0,50,2
mydoom,14,48,0,50,2
mydoom,15,46,0,50,4
mydoom,16,48,0,50,2
mydoom,17,47,0,50,3
mydoom,18,49,0,50,1
mydoom,19,47,2,48,3
mydoom,20,49,0,50,1
mydoom,21,49,0,50,1
mydoom,22,47,0,50,3
mydoom,23,47,0,50,3
mydoom,24,47,0,50,3
mydoom,25,49,0,50,1
mydoom,26,47,0,50,3
mydoom,27,50,0,50,0
mydoom,28,49,0,50,1
mydoom,29,46,0,50,4
necurs,0,48,0,50,2
necurs,1,48,0,50,2
necurs,2,49,1,49,1
necurs,3,47,0,50,3
necurs,4,47,0,50,3
necurs,5,48,1,49,2
necurs,6,48,0,50,2
necurs,7,48,0,50,2
necurs,8,49,0,50,1
necurs,9,48,0,50,2
necurs,10,47,0,50,3
necurs,11,49,1,49,1
necurs,12,48,0,50,2
necurs,13,49,0,50,1
necurs,14,48,0,50,2
necurs,15,47,0,50,3
necurs,16,48,0,50,2
necurs,17,47,0,50,3
necurs,18,49,0,50,1
necurs,19,47,0,50,3
necurs,20,49,0,50,1
necurs,21,49,0,50,1
necurs,22,47,0,50,3
necurs,23,47,0,50,3
necurs,24,47,0,50,3
necurs,25,49,1,49,1
necurs,26,47,1,49,3
necurs,27,49,1,49,1
necurs,28,49,0,50,1
necurs,29,46,0,50,4
nymaim,0,50,6,44,0
nymaim,1,48,9,41,2
nymaim,2,48,1,49,2
nymaim,3,48,4,46,2
nymaim,4,47,4,46,3
nymaim,5,48,7,43,2
nymaim,6,47,7,43,3
nymaim,7,48,8,42,2
nymaim,8,49,3,47,1
nymaim,9,48,2,48,2
nymaim,10,46,5,45,4
nymaim,11,49,6,44,1
nymaim,12,48,6,44,2
nymaim,13,48,1,49,2
nymaim,14,47,3,47,3
nymaim,15,47,4,46,3
nymaim,16,48,3,47,2
nymaim,17,47,4,46,3
nymaim,18,49,4,46,1
nymaim,19,47,6,44,3
nymaim,20,49,3,47,1
nymaim,21,49,8,42,1
nymaim,22,47,8,42,3
nymaim,23,47,6,44,3
nymaim,24,47,5,45,3
nymaim,25,49,7,43,1
nymaim,26,47,8,42,3
nymaim,27,50,5,45,0
nymaim,28,49,7,43,1
nymaim,29,45,7,43,5
oderoor,0,50,0,50,0
oderoor,1,47,0,50,3
oderoor,2,49,0,50,1
oderoor,3,48,0,50,2
oderoor,4,47,0,50,3
oderoor,5,48,0,50,2
oderoor,6,48,0,50,2
oderoor,7,47,0,50,3
oderoor,8,49,0,50,1
oderoor,9,48,0,50,2
oderoor,10,47,0,50,3
oderoor,11,48,0,50,2
oderoor,12,49,0,50,1
oderoor,13,48,0,50,2
oderoor,14,48,1,49,2
oderoor,15,46,0,50,4
oderoor,16,48,0,50,2
oderoor,17,47,0,50,3
oderoor,18,49,0,50,1
oderoor,19,47,0,50,3
oderoor,20,49,0,50,1
oderoor,21,49,0,50,1
oderoor,22,47,1,49,3
oderoor,23,47,0,50,3
oderoor,24,47,0,50,3
oderoor,25,50,0,50,0
oderoor,26,47,1,49,3
oderoor,27,50,0,50,0
oderoor,28,49,0,50,1
oderoor,29,46,0,50,4
padcrypt,0,49,1,49,1
padcrypt,1,47,0,50,3
padcrypt,2,49,0,50,1
padcrypt,3,47,0,50,3
padcrypt,4,47,1,49,3
padcrypt,5,48,0,50,2
padcrypt,6,49,0,50,1
padcrypt,7,47,0,50,3
padcrypt,8,49,0,50,1
padcrypt,9,48,0,50,2
padcrypt,10,47,0,50,3
padcrypt,11,49,0,50,1
padcrypt,12,49,0,50,1
padcrypt,13,48,0,50,2
padcrypt,14,47,0,50,3
padcrypt,15,47,1,49,3
padcrypt,16,48,0,50,2
padcrypt,17,48,0,50,2
padcrypt,18,49,0,50,1
padcrypt,19,47,0,50,3
padcrypt,20,49,0,50,1
padcrypt,21,49,0,50,1
padcrypt,22,47,0,50,3
padcrypt,23,47,0,50,3
padcrypt,24,47,0,50,3
padcrypt,25,49,1,49,1
padcrypt,26,46,0,50,4
padcrypt,27,50,0,50,0
padcrypt,28,48,0,50,2
padcrypt,29,46,1,49,4
pitou,0,48,1,49,2
pitou,1,47,0,50,3
pitou,2,48,0,50,2
pitou,3,47,1,49,3
pitou,4,47,1,49,3
pitou,5,48,0,50,2
pitou,6,48,0,50,2
pitou,7,48,2,48,2
pitou,8,49,0,50,1
pitou,9,48,1,49,2
pitou,10,47,2,48,3
pitou,11,49,0,50,1
pitou,12,48,0,50,2
pitou,13,49,2,48,1
pitou,14,47,0,50,3
pitou,15,46,1,49,4
pitou,16,48,3,47,2
pitou,17,47,0,50,3
pitou,18,49,0,50,1
pitou,19,47,1,49,3
pitou,20,49,0,50,1
pitou,21,49,0,50,1
pitou,22,47,2,48,3
pitou,23,47,0,50,3
pitou,24,47,0,50,3
pitou,25,50,1,49,0
pitou,26,47,0,50,3
pitou,27,50,0,50,0
pitou,28,49,3,47,1
pitou,29,46,0,50,4
proslikefan,0,49,1,49,1
proslikefan,1,47,2,48,3
proslikefan,2,49,3,47,1
proslikefan,3,47,0,50,3
proslikefan,4,47,0,50,3
proslikefan,5,48,0,50,2
proslikefan,6,48,1,49,2
proslikefan,7,49,4,46,1
proslikefan,8,49,1,49,1
proslikefan,9,48,1,49,2
proslikefan,10,47,3,47,3
proslikefan,11,49,0,50,1
proslikefan,12,49,3,47,1
proslikefan,13,48,1,49,2
proslikefan,14,47,3,47,3
proslikefan,15,47,2,48,3
proslikefan,16,48,4,46,2
proslikefan,17,47,1,49,3
proslikefan,18,49,1,49,1
proslikefan,19,47,1,49,3
proslikefan,20,49,1,49,1
proslikefan,21,49,1,49,1
proslikefan,22,47,0,50,3
proslikefan,23,47,1,49,3
proslikefan,24,47,1,49,3
proslikefan,25,50,1,49,0
proslikefan,26,47,3,47,3
proslikefan,27,50,0,50,0
proslikefan,28,49,4,46,1
proslikefan,29,46,1,49,4
pushdo,0,49,1,49,1
pushdo,1,48,1,49,2
pushdo,2,49,2,48,1
pushdo,3,47,2,48,3
pushdo,4,47,3,47,3
pushdo,5,48,2,48,2
pushdo,6,48,2,48,2
pushdo,7,48,2,48,2
pushdo,8,49,1,49,1
pushdo,9,48,5,45,2
pushdo,10,47,1,49,3
pushdo,11,48,2,48,2
pushdo,12,49,1,49,1
pushdo,13,49,1,49,1
pushdo,14,48,4,46,2
pushdo,15,47,1,49,3
pushdo,16,47,2,48,3
pushdo,17,47,1,49,3
pushdo,18,49,0,50,1
pushdo,19,47,0,50,3
pushdo,20,49,0,50,1
pushdo,21,49,0,50,1
pushdo,22,47,0,50,3
pushdo,23,47,1,49,3
pushdo,24,47,1,49,3
pushdo,25,49,3,47,1
pushdo,26,47,1,49,3
pushdo,27,50,0,50,0
pushdo,28,48,2,48,2
pushdo,29,46,1,49,4
pykspa,0,48,0,50,2
pykspa,1,46,2,48,4
pykspa,2,48,2,48,2
pykspa,3,46,5,45,4
pykspa,4,47,1,49,3
pykspa,5,48,3,47,2
pykspa,6,47,0,50,3
pykspa,7,48,1,49,2
pykspa,8,49,1,49,1
pykspa,9,48,1,49,2
pykspa,10,47,5,45,3
pykspa,11,48,1,49,2
pykspa,12,48,3,47,2
pykspa,13,48,2,48,2
pykspa,14,48,2,48,2
pykspa,15,47,1,49,3
pykspa,16,48,1,49,2
pykspa,17,47,2,48,3
pykspa,18,49,0,50,1
pykspa,19,47,0,50,3
pykspa,20,49,1,49,1
pykspa,21,49,2,48,1
pykspa,22,47,2,48,3
pykspa,23,47,5,45,3
pykspa,24,47,0,50,3
pykspa,25,50,0,50,0
pykspa,26,47,2,48,3
pykspa,27,50,0,50,0
pykspa,28,47,1,49,3
pykspa,29,46,4,46,4
qadars,0,49,2,48,1
qadars,1,47,0,50,3
qadars,2,48,0,50,2
qadars,3,47,0,50,3
qadars,4,47,0,50,3
qadars,5,48,1,49,2
qadars,6,48,0,50,2
qadars,7,47,0,50,3
qadars,8,49,0,50,1
qadars,9,48,0,50,2
qadars,10,47,0,50,3
qadars,11,49,0,50,1
qadars,12,48,0,50,2
qadars,13,49,0,50,1
qadars,14,48,0,50,2
qadars,15,47,0,50,3
qadars,16,47,2,48,3
qadars,17,48,0,50,2
qadars,18,49,0,50,1
qadars,19,47,0,50,3
qadars,20,49,0,50,1
qadars,21,49,0,50,1
qadars,22,47,0,50,3
qadars,23,47,1,49,3
qadars,24,47,0,50,3
qadars,25,49,1,49,1
qadars,26,47,0,50,3
qadars,27,50,1,49,0
qadars,28,48,0,50,2
qadars,29,46,1,49,4
qakbot,0,49,0,50,1
qakbot,1,48,1,49,2
qakbot,2,48,0,50,2
qakbot,3,47,0,50,3
qakbot,4,47,0,50,3
qakbot,5,48,0,50,2
qakbot,6,48,0,50,2
qakbot,7,48,0,50,2
qakbot,8,49,0,50,1
qakbot,9,48,0,50,2
qakbot,10,47,0,50,3
qakbot,11,49,0,50,1
qakbot,12,48,0,50,2
qakbot,13,48,0,50,2
qakbot,14,48,0,50,2
qakbot,15,46,0,50,4
qakbot,16,48,0,50,2
qakbot,17,47,0,50,3
qakbot,18,49,0,50,1
qakbot,19,48,0,50,2
qakbot,20,49,1,49,1
qakbot,21,48,0,50,2
qakbot,22,47,0,50,3
qakbot,23,47,0,50,3
qakbot,24,47,0,50,3
qakbot,25,49,0,50,1
qakbot,26,46,0,50,4
qakbot,27,49,0,50,1
qakbot,28,49,0,50,1
qakbot,29,46,0,50,4
qsnatch,0,50,17,33,0
qsnatch,1,47,23,27,3
qsnatch,2,49,28,22,1
qsnatch,3,47,32,18,3
qsnatch,4,47,25,25,3
qsnatch,5,48,41,9,2
qsnatch,6,47,29,21,3
qsnatch,7,49,35,15,1
qsnatch,8,49,27,23,1
qsnatch,9,48,24,26,2
qsnatch,10,46,17,33,4
qsnatch,11,49,24,26,1
qsnatch,12,49,32,18,1
qsnatch,13,49,29,21,1
qsnatch,14,48,32,18,2
qsnatch,15,47,24,26,3
qsnatch,16,47,29,21,3
qsnatch,17,47,23,27,3
qsnatch,18,49,29,21,1
qsnatch,19,47,27,23,3
qsnatch,20,49,27,23,1
qsnatch,21,49,26,24,1
qsnatch,22,47,34,16,3
qsnatch,23,47,31,19,3
qsnatch,24,47,30,20,3
qsnatch,25,49,25,25,1
qsnatch,26,47,22,28,3
qsnatch,27,50,20,30,0
qsnatch,28,49,30,20,1
qsnatch,29,46,36,14,4
ramdo,0,50,0,50,0
ramdo,1,46,0,50,4
ramdo,2,49,0,50,1
ramdo,3,48,0,50,2
ramdo,4,47,0,50,3
ramdo,5,48,0,50,2
ramdo,6,48,0,50,2
ramdo,7,48,0,50,2
ramdo,8,49,0,50,1
ramdo,9,48,0,50,2
ramdo,10,47,0,50,3
ramdo,11,50,0,50,0
ramdo,12,48,0,50,2
ramdo,13,49,0,50,1
ramdo,14,48,0,50,2
ramdo,15,46,0,50,4
ramdo,16,48,0,50,2
ramdo,17,48,0,50,2
ramdo,18,49,0,50,1
ramdo,19,47,0,50,3
ramdo,20,49,0,50,1
ramdo,21,49,0,50,1
ramdo,22,47,0,50,3
ramdo,23,47,0,50,3
ramdo,24,47,0,50,3
ramdo,25,50,0,50,0
ramdo,26,47,0,50,3
ramdo,27,50,0,50,0
ramdo,28,49,0,50,1
ramdo,29,46,0,50,4
ramnit,0,50,0,50,0
ramnit,1,48,1,49,2
ramnit,2,48,0,50,2
ramnit,3,47,0,50,3
ramnit,4,47,0,50,3
ramnit,5,48,0,50,2
ramnit,6,48,0,50,2
ramnit,7,48,1,49,2
ramnit,8,49,0,50,1
ramnit,9,48,0,50,2
ramnit,10,47,1,49,3
ramnit,11,50,0,50,0
ramnit,12,48,1,49,2
ramnit,13,48,0,50,2
ramnit,14,48,0,50,2
ramnit,15,47,0,50,3
ramnit,16,48,0,50,2
ramnit,17,47,0,50,3
ramnit,18,49,1,49,1
ramnit,19,47,0,50,3
ramnit,20,49,1,49,1
ramnit,21,48,0,50,2
ramnit,22,47,1,49,3
ramnit,23,47,0,50,3
ramnit,24,47,0,50,3
ramnit,25,49,0,50,1
ramnit,26,47,1,49,3
ramnit,27,50,0,50,0
ramnit,28,49,0,50,1
ramnit,29,46,0,50,4
ranbyus,0,50,0,50,0
ranbyus,1,46,0,50,4
ranbyus,2,49,0,50,1
ranbyus,3,48,0,50,2
ranbyus,4,47,0,50,3
ranbyus,5,48,0,50,2
ranbyus,6,48,0,50,2
ranbyus,7,49,0,50,1
ranbyus,8,49,0,50,1
ranbyus,9,48,0,50,2
ranbyus,10,47,0,50,3
ranbyus,11,49,0,50,1
ranbyus,12,48,0,50,2
ranbyus,13,48,0,50,2
ranbyus,14,48,0,50,2
ranbyus,15,46,0,50,4
ranbyus,16,47,0,50,3
ranbyus,17,48,0,50,2
ranbyus,18,49,0,50,1
ranbyus,19,48,0,50,2
ranbyus,20,49,0,50,1
ranbyus,21,49,0,50,1
ranbyus,22,47,0,50,3
ranbyus,23,47,0,50,3
ranbyus,24,47,0,50,3
ranbyus,25,49,0,50,1
ranbyus,26,46,0,50,4
ranbyus,27,49,0,50,1
ranbyus,28,49,0,50,1
ranbyus,29,46,0,50,4
rovnix,0,49,8,42,1
rovnix,1,48,10,40,2
rovnix,2,49,8,42,1
rovnix,3,46,8,42,4
rovnix,4,47,7,43,3
rovnix,5,48,5,45,2
rovnix,6,49,4,46,1
rovnix,7,49,11,39,1
rovnix,8,49,9,41,1
rovnix,9,48,11,39,2
rovnix,10,47,4,46,3
rovnix,11,49,4,46,1
rovnix,12,49,10,40,1
rovnix,13,48,5,45,2
rovnix,14,48,12,38,2
rovnix,15,46,6,44,4
rovnix,16,48,13,37,2
rovnix,17,47,8,42,3
rovnix,18,49,6,44,1
rovnix,19,48,8,42,2
rovnix,20,49,4,46,1
rovnix,21,48,8,42,2
rovnix,22,47,10,40,3
rovnix,23,47,3,47,3
rovnix,24,47,7,43,3
rovnix,25,49,8,42,1
rovnix,26,47,11,39,3
rovnix,27,49,15,35,1
rovnix,28,49,8,42,1
rovnix,29,46,6,44,4
shiotob,0,48,0,50,2
shiotob,1,48,0,50,2
shiotob,2,48,0,50,2
shiotob,3,47,0,50,3
shiotob,4,47,0,50,3
shiotob,5,48,0,50,2
shiotob,6,49,0,50,1
shiotob,7,47,2,48,3
shiotob,8,49,0,50,1
shiotob,9,48,0,50,2
shiotob,10,47,0,50,3
shiotob,11,50,0,50,0
shiotob,12,48,0,50,2
shiotob,13,48,0,50,2
shiotob,14,48,0,50,2
shiotob,15,46,0,50,4
shiotob,16,48,0,50,2
shiotob,17,47,1,49,3
shiotob,18,49,0,50,1
shiotob,19,47,1,49,3
shiotob,20,49,1,49,1
shiotob,21,48,1,49,2
shiotob,22,47,0,50,3
shiotob,23,47,0,50,3
shiotob,24,47,0,50,3
shiotob,25,49,1,49,1
shiotob,26,46,0,50,4
shiotob,27,50,0,50,0
shiotob,28,49,2,48,1
shiotob,29,46,1,49,4
simda,0,49,0,50,1
simda,1,47,0,50,3
simda,2,48,0,50,2
simda,3,48,0,50,2
simda,4,47,0,50,3
simda,5,48,0,50,2
simda,6,49,0,50,1
simda,7,48,0,50,2
simda,8,49,1,49,1
simda,9,48,0,50,2
simda,10,47,0,50,3
simda,11,49,0,50,1
simda,12,48,0,50,2
simda,13,48,0,50,2
simda,14,46,1,49,4
simda,15,47,0,50,3
simda,16,48,0,50,2
simda,17,48,0,50,2
simda,18,49,1,49,1
simda,19,48,0,50,2
simda,20,49,0,50,1
simda,21,49,0,50,1
simda,22,47,0,50,3
simda,23,47,0,50,3
simda,24,47,0,50,3
simda,25,49,0,50,1
simda,26,47,0,50,3
simda,27,50,0,50,0
simda,28,49,0,50,1
simda,29,46,0,50,4
sisron,0,49,0,50,1
sisron,1,49,0,50,1
sisron,2,49,0,50,1
sisron,3,46,0,50,4
sisron,4,47,0,50,3
sisron,5,48,0,50,2
sisron,6,49,0,50,1
sisron,7,49,0,50,1
sisron,8,49,0,50,1
sisron,9,48,0,50,2
sisron,10,47,0,50,3
sisron,11,50,0,50,0
sisron,12,48,0,50,2
sisron,13,49,0,50,1
sisron,14,49,0,50,1
sisron,15,46,0,50,4
sisron,16,48,0,50,2
sisron,17,47,0,50,3
sisron,18,49,0,50,1
sisron,19,47,0,50,3
sisron,20,49,0,50,1
sisron,21,49,0,50,1
sisron,22,47,0,50,3
sisron,23,47,0,50,3
sisron,24,47,0,50,3
sisron,25,50,0,50,0
sisron,26,47,0,50,3
sisron,27,50,0,50,0
sisron,28,48,0,50,2
sisron,29,46,0,50,4
sphinx,0,50,0,50,0
sphinx,1,47,0,50,3
sphinx,2,49,0,50,1
sphinx,3,46,0,50,4
sphinx,4,47,0,50,3
sphinx,5,48,0,50,2
sphinx,6,48,0,50,2
sphinx,7,48,0,50,2
sphinx,8,49,0,50,1
sphinx,9,48,0,50,2
sphinx,10,47,0,50,3
sphinx,11,50,0,50,0
sphinx,12,49,0,50,1
sphinx,13,48,0,50,2
sphinx,14,46,0,50,4
sphinx,15,46,0,50,4
sphinx,16,48,0,50,2
sphinx,17,47,0,50,3
sphinx,18,49,0,50,1
sphinx,19,47,0,50,3
sphinx,20,49,0,50,1
sphinx,21,49,0,50,1
sphinx,22,47,0,50,3
sphinx,23,47,0,50,3
sphinx,24,47,0,50,3
sphinx,25,49,0,50,1
sphinx,26,47,0,50,3
sphinx,27,49,0,50,1
sphinx,28,49,0,50,1
sphinx,29,46,0,50,4
suppobox,0,49,22,28,1
suppobox,1,48,18,32,2
suppobox,2,48,15,35,2
suppobox,3,46,32,18,4
suppobox,4,47,37,13,3
suppobox,5,48,29,21,2
suppobox,6,47,22,28,3
suppobox,7,48,23,27,2
suppobox,8,49,30,20,1
suppobox,9,48,31,19,2
suppobox,10,47,33,17,3
suppobox,11,49,38,12,1
suppobox,12,48,25,25,2
suppobox,13,48,16,34,2
suppobox,14,47,8,42,3
suppobox,15,46,25,25,4
suppobox,16,48,36,14,2
suppobox,17,47,26,24,3
suppobox,18,49,20,30,1
suppobox,19,47,10,40,3
suppobox,20,49,10,40,1
suppobox,21,48,24,26,2
suppobox,22,47,22,28,3
suppobox,23,47,36,14,3
suppobox,24,47,28,22,3
suppobox,25,50,31,19,0
suppobox,26,46,28,22,4
suppobox,27,50,27,23,0
suppobox,28,47,33,17,3
suppobox,29,46,30,20,4
symmi,0,50,0,50,0
symmi,1,47,0,50,3
symmi,2,48,0,50,2
symmi,3,46,0,50,4
symmi,4,47,0,50,3
symmi,5,48,0,50,2
symmi,6,47,0,50,3
symmi,7,48,0,50,2
symmi,8,49,0,50,1
symmi,9,48,0,50,2
symmi,10,47,0,50,3
symmi,11,50,0,50,0
symmi,12,48,0,50,2
symmi,13,48,0,50,2
symmi,14,47,0,50,3
symmi,15,46,0,50,4
symmi,16,47,0,50,3
symmi,17,47,0,50,3
symmi,18,49,0,50,1
symmi,19,47,0,50,3
symmi,20,49,0,50,1
symmi,21,49,0,50,1
symmi,22,47,0,50,3
symmi,23,47,0,50,3
symmi,24,47,0,50,3
symmi,25,49,0,50,1
symmi,26,46,0,50,4
symmi,27,50,0,50,0
symmi,28,48,0,50,2
symmi,29,46,0,50,4
tempedreve,0,49,0,50,1
tempedreve,1,47,0,50,3
tempedreve,2,48,0,50,2
tempedreve,3,47,0,50,3
tempedreve,4,47,0,50,3
tempedreve,5,48,0,50,2
tempedreve,6,49,0,50,1
tempedreve,7,48,0,50,2
tempedreve,8,49,0,50,1
tempedreve,9,48,1,49,2
tempedreve,10,46,0,50,4
tempedreve,11,49,0,50,1
tempedreve,12,49,0,50,1
tempedreve,13,48,0,50,2
tempedreve,14,48,1,49,2
tempedreve,15,46,0,50,4
tempedreve,16,48,1,49,2
tempedreve,17,47,0,50,3
tempedreve,18,49,0,50,1
tempedreve,19,47,1,49,3
tempedreve,20,49,0,50,1
tempedreve,21,48,0,50,2
tempedreve,22,47,0,50,3
tempedreve,23,47,0,50,3
tempedreve,24,47,0,50,3
tempedreve,25,50,0,50,0
tempedreve,26,47,0,50,3
tempedreve,27,49,0,50,1
tempedreve,28,49,1,49,1
tempedreve,29,46,0,50,4
tinba,0,50,2,48,0
tinba,1,47,0,50,3
tinba,2,48,0,50,2
tinba,3,47,1,49,3
tinba,4,47,1,49,3
tinba,5,48,0,50,2
tinba,6,48,0,50,2
tinba,7,48,0,50,2
tinba,8,49,1,49,1
tinba,9,48,0,50,2
tinba,10,47,1,49,3
tinba,11,49,0,50,1
tinba,12,49,0,50,1
tinba,13,48,0,50,2
tinba,14,48,1,49,2
tinba,15,46,1,49,4
tinba,16,48,0,50,2
tinba,17,47,0,50,3
tinba,18,49,1,49,1
tinba,19,47,0,50,3
tinba,20,49,0,50,1
tinba,21,48,1,49,2
tinba,22,47,1,49,3
tinba,23,47,0,50,3
tinba,24,47,0,50,3
tinba,25,49,2,48,1
tinba,26,47,0,50,3
tinba,27,49,0,50,1
tinba,28,49,0,50,1
tinba,29,46,1,49,4
tinynuke,0,49,0,50,1
tinynuke,1,48,0,50,2
tinynuke,2,49,0,50,1
tinynuke,3,47,0,50,3
tinynuke,4,47,0,50,3
tinynuke,5,48,0,50,2
tinynuke,6,48,0,50,2
tinynuke,7,49,0,50,1
tinynuke,8,49,0,50,1
tinynuke,9,48,0,50,2
tinynuke,10,47,0,50,3
tinynuke,11,48,0,50,2
tinynuke,12,49,0,50,1
tinynuke,13,48,0,50,2
tinynuke,14,48,0,50,2
tinynuke,15,46,1,49,4
tinynuke,16,48,0,50,2
tinynuke,17,47,0,50,3
tinynuke,18,49,0,50,1
tinynuke,19,47,0,50,3
tinynuke,20,49,0,50,1
tinynuke,21,48,0,50,2
tinynuke,22,47,0,50,3
tinynuke,23,47,0,50,3
tinynuke,24,47,0,50,3
tinynuke,25,49,0,50,1
tinynuke,26,47,0,50,3
tinynuke,27,50,0,50,0
tinynuke,28,49,0,50,1
tinynuke,29,46,0,50,4
vawtrak,0,49,3,47,1
vawtrak,1,47,4,46,3
vawtrak,2,49,3,47,1
vawtrak,3,47,1,49,3
vawtrak,4,47,1,49,3
vawtrak,5,48,3,47,2
vawtrak,6,48,1,49,2
vawtrak,7,47,3,47,3
vawtrak,8,49,0,50,1
vawtrak,9,48,1,49,2
vawtrak,10,47,1,49,3
vawtrak,11,49,1,49,1
vawtrak,12,48,4,46,2
vawtrak,13,48,3,47,2
vawtrak,14,48,3,47,2
vawtrak,15,47,1,49,3
vawtrak,16,48,4,46,2
vawtrak,17,47,3,47,3
vawtrak,18,49,1,49,1
vawtrak,19,47,2,48,3
vawtrak,20,49,0,50,1
vawtrak,21,48,5,45,2
vawtrak,22,47,2,48,3
vawtrak,23,47,2,48,3
vawtrak,24,47,1,49,3
vawtrak,25,50,3,47,0
vawtrak,26,46,1,49,4
vawtrak,27,50,3,47,0
vawtrak,28,48,2,48,2
vawtrak,29,46,0,50,4
vidro,0,50,0,50,0
vidro,1,47,3,47,3
vidro,2,48,0,50,2
vidro,3,47,0,50,3
vidro,4,47,0,50,3
vidro,5,48,1,49,2
vidro,6,47,0,50,3
vidro,7,48,0,50,2
vidro,8,49,0,50,1
vidro,9,48,0,50,2
vidro,10,47,0,50,3
vidro,11,49,0,50,1
vidro,12,48,1,49,2
vidro,13,48,0,50,2
vidro,14,48,1,49,2
vidro,15,46,0,50,4
vidro,16,48,1,49,2
vidro,17,47,0,50,3
vidro,18,49,1,49,1
vidro,19,48,0,50,2
vidro,20,49,0,50,1
vidro,21,48,1,49,2
vidro,22,47,1,49,3
vidro,23,47,0,50,3
vidro,24,47,1,49,3
vidro,25,49,1,49,1
vidro,26,46,1,49,4
vidro,27,50,1,49,0
vidro,28,49,0,50,1
vidro,29,45,0,50,5
virut,0,48,12,38,2
virut,1,47,13,37,3
virut,2,48,10,40,2
virut,3,45,8,42,5
virut,4,47,12,38,3
virut,5,48,9,41,2
virut,6,49,6,44,1
virut,7,48,9,41,2
virut,8,49,11,39,1
virut,9,48,15,35,2
virut,10,47,15,35,3
virut,11,50,10,40,0
virut,12,49,15,35,1
virut,13,48,10,40,2
virut,14,48,7,43,2
virut,15,47,6,44,3
virut,16,48,10,40,2
virut,17,47,6,44,3
virut,18,49,16,34,1
virut,19,48,11,39,2
virut,20,49,9,41,1
virut,21,48,11,39,2
virut,22,47,9,41,3
virut,23,47,11,39,3
virut,24,47,9,41,3
virut,25,49,10,40,1
virut,26,47,16,34,3
virut,27,50,18,32,0
virut,28,49,9,41,1
virut,29,46,11,39,4
zeus-newgoz,0,50,0,50,0
zeus-newgoz,1,47,0,50,3
zeus-newgoz,2,49,0,50,1
zeus-newgoz,3,46,0,50,4
zeus-newgoz,4,47,0,50,3
zeus-newgoz,5,48,0,50,2
zeus-newgoz,6,49,0,50,1
zeus-newgoz,7,48,0,50,2
zeus-newgoz,8,49,0,50,1
zeus-newgoz,9,48,0,50,2
zeus-newgoz,10,47,0,50,3
zeus-newgoz,11,49,0,50,1
zeus-newgoz,12,49,0,50,1
zeus-newgoz,13,48,0,50,2
zeus-newgoz,14,47,0,50,3
zeus-newgoz,15,46,0,50,4
zeus-newgoz,16,48,0,50,2
zeus-newgoz,17,47,0,50,3
zeus-newgoz,18,49,0,50,1
zeus-newgoz,19,48,0,50,2
zeus-newgoz,20,49,0,50,1
zeus-newgoz,21,48,0,50,2
zeus-newgoz,22,47,0,50,3
zeus-newgoz,23,47,0,50,3
zeus-newgoz,24,47,0,50,3
zeus-newgoz,25,50,0,50,0
zeus-newgoz,26,46,0,50,4
zeus-newgoz,27,49,0,50,1
zeus-newgoz,28,48,0,50,2
zeus-newgoz,29,46,0,50,4
zloader,0,48,2,48,2
zloader,1,47,2,48,3
zloader,2,48,1,49,2
zloader,3,48,2,48,2
zloader,4,47,1,49,3
zloader,5,48,2,48,2
zloader,6,47,1,49,3
zloader,7,48,2,48,2
zloader,8,49,1,49,1
zloader,9,48,2,48,2
zloader,10,47,1,49,3
zloader,11,50,2,48,0
zloader,12,49,1,49,1
zloader,13,48,2,48,2
zloader,14,48,1,49,2
zloader,15,46,2,48,4
zloader,16,48,1,49,2
zloader,17,47,2,48,3
zloader,18,49,1,49,1
zloader,19,47,2,48,3
zloader,20,49,1,49,1
zloader,21,48,2,48,2
zloader,22,47,1,49,3
zloader,23,47,2,48,3
zloader,24,47,1,49,3
zloader,25,50,2,48,0
zloader,26,47,1,49,3
zloader,27,50,2,48,0
zloader,28,47,1,49,3
zloader,29,46,2,48,4
